EmployeeID,Name,Department,Team,JoinDate,Age,Salary,PerformanceScore
1,Emp_1,Finance,D,2019-03-22,29,80704,3.83
2,Emp_2,Sales,A,2020-06-24,48,51561,2.32
3,Emp_3,HR,C,2020-01-29,44,82741,3.78
4,Emp_4,HR,E,2019-01-09,36,33041,2.99
5,Emp_5,HR,B,2019-05-26,53,87055,3.76
6,Emp_6,R&D Data Science,D,2019-08-25,43,102712,3.75
7,Emp_7,HR,D,2022-05-29,29,106833,2.78
8,Emp_8,R&D Hardware,D,2022-10-06,58,81510,2.98
9,Emp_9,Finance,C,2022-02-21,38,39536,2.82
10,Emp_10,Sales,E,2019-04-12,28,73424,2.92
11,Emp_11,Sales,D,2022-11-04,42,114447,3.58
12,Emp_12,Finance,E,2021-10-14,26,87090,2.9
13,Emp_13,R&D Hardware,B,2021-12-19,38,34586,3.84
14,Emp_14,R&D Data Science,A,2022-04-25,56,113664,3.46
15,Emp_15,Sales,A,2022-07-22,36,115826,2.7
16,Emp_16,R&D Data Science,B,2020-06-08,37,88311,2.61
17,Emp_17,R&D Data Science,A,2021-06-16,46,103445,3.14
18,Emp_18,Sales,D,2022-07-31,36,71005,2.86
19,Emp_19,R&D Data Science,C,2020-06-06,32,31684,3.24
20,Emp_20,Finance,A,2021-02-23,26,56304,2.15
21,Emp_21,HR,B,2022-07-31,42,100105,2.34
22,Emp_22,Sales,C,2020-09-28,33,63560,2.41
23,Emp_23,HR,B,2020-05-27,51,38803,3.49
24,Emp_24,Sales,D,2019-01-08,25,105070,2.17
25,Emp_25,R&D Hardware,B,2020-10-27,48,105870,3.54
26,Emp_26,HR,D,2019-03-09,49,106002,2.63
27,Emp_27,Sales,A,2020-01-08,24,111813,2.87
28,Emp_28,R&D Data Science,C,2020-05-26,24,80065,2.69
29,Emp_29,HR,E,2020-02-25,45,115887,3.5
30,Emp_30,HR,C,2020-03-04,50,69683,3.82
31,Emp_31,HR,E,2020-09-17,40,105925,2.92
32,Emp_32,Sales,A,2020-05-26,23,63467,2.5
33,Emp_33,R&D Data Science,B,2022-05-09,26,30646,3.5
34,Emp_34,R&D Data Science,D,2020-09-15,58,113645,2.28
35,Emp_35,R&D Data Science,D,2022-04-05,39,116739,3.19
36,Emp_36,Sales,D,2021-09-20,46,115014,2.59
37,Emp_37,R&D Hardware,A,2019-03-10,47,117116,2.13
38,Emp_38,Finance,A,2019-04-02,34,81918,2.86
39,Emp_39,HR,E,2021-02-20,56,74012,2.63
40,Emp_40,HR,C,2021-07-26,43,65881,3.3
41,Emp_41,R&D Hardware,C,2019-11-25,31,60375,2.99
42,Emp_42,Finance,B,2020-10-08,58,87077,3.57
43,Emp_43,R&D Hardware,E,2022-10-06,28,105210,2.49
44,Emp_44,Sales,A,2022-03-10,39,59082,3.02
45,Emp_45,Sales,A,2020-09-02,53,87043,2.84
46,Emp_46,Finance,D,2019-08-21,28,51108,2.63
47,Emp_47,Sales,E,2019-09-19,38,30211,3.95
48,Emp_48,Finance,E,2021-07-14,52,81534,3.08
49,Emp_49,R&D Data Science,A,2019-10-06,50,103225,3.64
50,Emp_50,Finance,E,2019-12-24,33,84764,3.0
51,Emp_51,R&D Data Science,D,2020-06-19,54,89711,2.85
52,Emp_52,R&D Hardware,D,2019-09-09,47,33235,2.96
53,Emp_53,R&D Hardware,A,2021-07-21,51,74387,2.59
54,Emp_54,Sales,A,2019-07-07,24,105912,2.93
55,Emp_55,R&D Data Science,E,2021-11-24,41,37736,2.8
56,Emp_56,R&D Data Science,E,2021-08-24,34,65187,3.28
57,Emp_57,R&D Data Science,C,2020-01-26,40,106136,2.46
58,Emp_58,R&D Data Science,E,2019-12-11,22,87517,2.02
59,Emp_59,HR,E,2021-11-07,44,69757,2.4
60,Emp_60,HR,B,2021-10-21,39,94701,3.9
61,Emp_61,R&D Hardware,A,2020-09-17,26,40969,2.77
62,Emp_62,HR,E,2021-05-26,26,53054,3.38
63,Emp_63,Sales,B,2021-10-25,40,84413,3.94
64,Emp_64,HR,E,2021-08-14,27,118634,2.95
65,Emp_65,Finance,A,2020-06-06,36,95899,2.04
66,Emp_66,R&D Data Science,C,2021-03-08,32,44588,3.24
67,Emp_67,R&D Hardware,D,2021-05-15,51,60280,3.07
68,Emp_68,Finance,A,2022-06-18,41,63843,2.41
69,Emp_69,HR,A,2019-10-03,56,75678,2.35
70,Emp_70,Finance,B,2019-02-11,25,71117,3.08
71,Emp_71,Finance,B,2022-05-13,30,41487,2.73
72,Emp_72,Finance,B,2022-12-23,48,71054,3.15
73,Emp_73,HR,C,2019-02-21,40,31288,2.88
74,Emp_74,Finance,B,2022-02-05,26,34715,3.76
75,Emp_75,Finance,A,2019-05-25,29,36200,3.0
76,Emp_76,Finance,B,2021-01-24,51,60031,3.32
77,Emp_77,Sales,E,2020-11-07,57,105704,2.55
78,Emp_78,Finance,E,2022-02-12,37,73996,3.0
79,Emp_79,HR,D,2022-03-02,25,50322,2.48
80,Emp_80,R&D Hardware,E,2019-10-31,25,56282,3.03
81,Emp_81,Sales,D,2021-07-22,28,49558,2.87
82,Emp_82,R&D Data Science,E,2019-09-12,24,101013,2.37
83,Emp_83,R&D Data Science,C,2020-04-04,59,48648,3.43
84,Emp_84,HR,D,2021-03-23,46,116277,1.99
85,Emp_85,Sales,E,2019-12-27,57,60392,2.76
86,Emp_86,Sales,D,2020-05-09,25,51730,3.01
87,Emp_87,R&D Data Science,D,2022-07-20,29,68283,2.92
88,Emp_88,R&D Hardware,E,2021-07-08,49,64034,2.71
89,Emp_89,Finance,A,2021-08-01,24,59260,2.92
90,Emp_90,R&D Hardware,B,2022-04-05,29,45546,2.7
91,Emp_91,Sales,D,2021-10-05,32,98539,2.65
92,Emp_92,HR,D,2019-10-02,27,36592,2.71
93,Emp_93,R&D Hardware,D,2019-04-05,44,77037,2.52
94,Emp_94,R&D Hardware,B,2020-03-02,23,64658,2.88
95,Emp_95,Sales,D,2019-02-17,28,55152,2.58
96,Emp_96,R&D Data Science,D,2022-07-25,50,68783,2.03
97,Emp_97,Sales,E,2021-09-20,27,38836,2.44
98,Emp_98,R&D Hardware,A,2021-12-15,32,82580,2.49
99,Emp_99,R&D Hardware,C,2022-09-16,29,117555,2.46
100,Emp_100,HR,C,2019-04-19,51,94901,3.1
101,Emp_101,R&D Hardware,B,2021-11-21,58,63502,2.77
102,Emp_102,HR,C,2020-08-18,40,60079,2.92
103,Emp_103,R&D Hardware,A,2021-12-26,24,98778,2.56
104,Emp_104,R&D Data Science,C,2019-05-28,51,114692,2.86
105,Emp_105,R&D Hardware,A,2022-03-29,54,37600,3.99
106,Emp_106,HR,A,2021-02-26,47,96349,3.43
107,Emp_107,HR,E,2021-03-18,58,81433,3.16
108,Emp_108,HR,C,2020-07-27,41,84389,3.49
109,Emp_109,R&D Hardware,D,2020-09-01,54,60428,2.79
110,Emp_110,HR,B,2019-09-02,49,56203,3.25
111,Emp_111,Finance,D,2020-03-14,48,99815,3.03
112,Emp_112,R&D Data Science,C,2022-02-20,50,74539,2.17
113,Emp_113,R&D Hardware,C,2020-05-02,45,86813,3.1
114,Emp_114,HR,D,2019-07-10,40,65709,3.25
115,Emp_115,R&D Data Science,E,2019-07-24,27,79825,3.36
116,Emp_116,R&D Hardware,C,2021-07-01,23,44603,3.97
117,Emp_117,R&D Data Science,E,2019-03-22,43,54539,2.07
118,Emp_118,Finance,B,2020-05-25,56,36535,2.74
119,Emp_119,R&D Hardware,C,2022-03-04,23,78536,3.35
120,Emp_120,HR,D,2021-03-24,51,110577,3.75
121,Emp_121,Sales,E,2021-09-07,56,43411,2.35
122,Emp_122,HR,B,2020-05-21,36,54146,2.48
123,Emp_123,R&D Hardware,A,2020-08-11,52,81566,3.05
124,Emp_124,HR,B,2020-11-24,31,56920,4.17
125,Emp_125,Sales,E,2022-12-12,49,64487,2.7
126,Emp_126,Sales,C,2020-08-25,29,88602,2.6
127,Emp_127,Sales,C,2022-11-27,34,76363,2.83
128,Emp_128,HR,A,2022-03-04,51,106687,3.25
129,Emp_129,R&D Hardware,E,2020-09-24,58,110169,3.29
130,Emp_130,HR,C,2022-02-28,50,56118,2.81
131,Emp_131,Sales,C,2022-03-24,43,119726,2.19
132,Emp_132,Finance,E,2019-08-27,45,111146,2.74
133,Emp_133,Sales,B,2019-10-09,59,57872,2.86
134,Emp_134,Sales,D,2020-06-09,42,80652,3.06
135,Emp_135,R&D Hardware,B,2021-01-01,35,37992,3.0
136,Emp_136,HR,E,2020-07-28,23,109182,3.28
137,Emp_137,R&D Hardware,B,2021-12-17,30,57014,3.91
138,Emp_138,HR,C,2019-10-21,31,34641,3.35
139,Emp_139,Sales,E,2021-07-30,39,30383,3.41
140,Emp_140,Sales,C,2022-11-30,47,76842,2.35
141,Emp_141,Sales,C,2019-04-18,45,60766,1.77
142,Emp_142,HR,C,2020-05-19,32,55114,2.67
143,Emp_143,Sales,B,2021-04-17,48,35171,3.06
144,Emp_144,R&D Hardware,D,2021-10-14,35,31184,2.76
145,Emp_145,R&D Hardware,A,2021-11-15,53,46060,3.52
146,Emp_146,Sales,D,2019-09-26,43,113707,3.63
147,Emp_147,Finance,A,2021-04-18,55,64606,2.73
148,Emp_148,HR,E,2021-08-01,23,82319,2.19
149,Emp_149,Finance,D,2021-02-04,54,34743,4.02
150,Emp_150,Sales,A,2019-03-15,28,108513,3.75
151,Emp_151,Finance,C,2021-06-25,56,47191,2.88
152,Emp_152,HR,E,2020-08-07,52,53745,2.3
153,Emp_153,HR,D,2020-04-19,48,64405,2.85
154,Emp_154,Finance,B,2022-03-14,58,118731,2.99
155,Emp_155,R&D Data Science,E,2022-10-07,39,72918,3.17
156,Emp_156,HR,C,2021-02-05,34,51143,2.5
157,Emp_157,Sales,C,2022-06-07,47,91708,3.05
158,Emp_158,Sales,C,2019-10-22,22,63417,2.95
159,Emp_159,Sales,A,2022-04-15,52,32205,2.59
160,Emp_160,R&D Data Science,D,2020-06-02,58,105789,2.93
161,Emp_161,Sales,E,2021-10-05,50,87993,2.31
162,Emp_162,Finance,D,2021-08-24,45,61812,3.25
163,Emp_163,R&D Data Science,D,2020-09-23,37,80616,2.13
164,Emp_164,HR,A,2020-05-28,44,35835,2.6
165,Emp_165,R&D Data Science,A,2020-01-03,29,93830,2.53
166,Emp_166,Sales,C,2022-04-30,59,119752,3.96
167,Emp_167,Sales,D,2022-05-02,24,35733,2.91
168,Emp_168,Finance,A,2022-07-25,35,50584,2.87
169,Emp_169,HR,C,2021-03-25,42,38680,3.74
170,Emp_170,HR,E,2022-04-03,51,33938,3.0
171,Emp_171,R&D Data Science,A,2019-12-07,54,35038,3.12
172,Emp_172,Sales,A,2022-06-09,41,102698,2.54
173,Emp_173,Sales,E,2019-08-30,44,94141,2.76
174,Emp_174,R&D Data Science,E,2021-05-28,44,31548,3.3
175,Emp_175,R&D Hardware,A,2021-12-21,59,59897,3.78
176,Emp_176,Sales,E,2020-10-29,56,40670,2.99
177,Emp_177,HR,E,2021-01-10,43,85564,2.84
178,Emp_178,R&D Data Science,C,2022-09-14,50,103974,2.85
179,Emp_179,R&D Data Science,A,2021-07-08,56,107603,3.14
180,Emp_180,Finance,E,2019-11-15,23,58348,3.29
181,Emp_181,Sales,C,2019-02-18,39,115633,3.35
182,Emp_182,Sales,A,2022-08-16,56,114625,3.24
183,Emp_183,HR,A,2020-10-15,35,58843,2.55
184,Emp_184,R&D Hardware,A,2020-05-19,39,86057,4.52
185,Emp_185,HR,E,2020-01-03,53,60352,3.87
186,Emp_186,R&D Hardware,E,2021-10-14,43,110553,3.22
187,Emp_187,Finance,D,2021-02-16,56,85766,2.59
188,Emp_188,HR,C,2022-03-25,23,71684,2.89
189,Emp_189,HR,D,2021-09-24,27,56712,3.04
190,Emp_190,Sales,C,2022-12-20,53,42795,2.92
191,Emp_191,HR,B,2021-11-27,50,72810,2.52
192,Emp_192,Sales,D,2019-01-07,26,57861,3.54
193,Emp_193,Finance,A,2022-08-31,59,63572,3.29
194,Emp_194,R&D Hardware,B,2020-08-20,29,82986,2.79
195,Emp_195,HR,B,2021-10-24,25,97118,2.87
196,Emp_196,Finance,B,2019-03-17,43,68739,3.34
197,Emp_197,Sales,C,2022-07-15,43,41298,2.45
198,Emp_198,R&D Hardware,E,2020-02-18,48,76175,3.23
199,Emp_199,HR,E,2019-03-20,24,99632,3.17
200,Emp_200,HR,B,2020-12-24,50,52171,3.13
201,Emp_201,R&D Data Science,E,2022-07-30,54,64864,3.56
202,Emp_202,HR,A,2019-12-30,59,111390,2.34
203,Emp_203,Finance,E,2021-02-06,55,96262,3.11
204,Emp_204,HR,C,2019-03-22,57,108324,3.55
205,Emp_205,HR,B,2022-04-02,54,54451,3.33
206,Emp_206,R&D Data Science,D,2021-07-02,39,70700,1.73
207,Emp_207,R&D Data Science,A,2020-01-30,31,70971,3.28
208,Emp_208,R&D Data Science,D,2022-04-27,57,52684,3.41
209,Emp_209,HR,B,2021-08-27,44,77400,1.09
210,Emp_210,R&D Hardware,B,2019-04-10,27,109049,3.2
211,Emp_211,R&D Hardware,D,2021-07-10,44,45106,2.89
212,Emp_212,Finance,B,2022-03-24,31,97022,3.16
213,Emp_213,HR,B,2020-07-17,23,44907,3.14
214,Emp_214,R&D Data Science,B,2019-12-02,27,90404,2.68
215,Emp_215,R&D Hardware,E,2019-10-11,26,111284,3.3
216,Emp_216,HR,E,2019-05-13,29,111515,3.87
217,Emp_217,R&D Data Science,C,2022-10-14,41,116269,2.55
218,Emp_218,Finance,D,2019-04-14,35,91704,2.48
219,Emp_219,R&D Hardware,A,2019-08-30,33,119381,2.27
220,Emp_220,R&D Hardware,D,2020-03-13,45,52754,3.38
221,Emp_221,Sales,D,2021-10-01,33,74012,1.96
222,Emp_222,R&D Data Science,C,2022-10-19,53,61478,3.0
223,Emp_223,Sales,E,2020-09-11,25,70038,2.22
224,Emp_224,Finance,A,2022-10-04,24,89227,3.03
225,Emp_225,Sales,A,2021-12-03,29,57376,3.32
226,Emp_226,HR,C,2021-10-27,24,116458,2.59
227,Emp_227,R&D Hardware,B,2021-06-28,47,78058,2.32
228,Emp_228,Sales,D,2022-05-14,27,111841,2.71
229,Emp_229,Sales,D,2019-05-26,38,71205,2.86
230,Emp_230,R&D Data Science,A,2022-12-19,30,114243,3.53
231,Emp_231,R&D Data Science,D,2020-09-29,39,95315,3.17
232,Emp_232,Sales,A,2020-04-23,50,68218,2.68
233,Emp_233,HR,E,2021-01-22,36,100961,3.25
234,Emp_234,Sales,E,2022-02-28,28,109320,2.15
235,Emp_235,HR,A,2019-01-28,35,112910,3.2
236,Emp_236,Sales,C,2020-01-28,50,114237,3.05
237,Emp_237,Finance,D,2022-05-16,25,108259,2.7
238,Emp_238,Finance,A,2019-08-04,26,68288,2.56
239,Emp_239,Sales,C,2021-04-11,22,30104,3.08
240,Emp_240,R&D Data Science,E,2022-03-28,33,65901,3.16
241,Emp_241,HR,D,2020-06-09,28,43585,3.84
242,Emp_242,Finance,D,2021-05-10,42,32626,2.82
243,Emp_243,HR,E,2021-07-31,28,112123,2.15
244,Emp_244,R&D Hardware,B,2022-04-13,38,78174,2.18
245,Emp_245,R&D Data Science,A,2022-04-12,22,42456,3.04
246,Emp_246,R&D Data Science,C,2019-09-18,25,97281,2.39
247,Emp_247,R&D Hardware,C,2021-06-03,27,43479,3.38
248,Emp_248,R&D Data Science,B,2020-10-12,38,40751,2.32
249,Emp_249,Finance,C,2022-10-28,47,34459,3.53
250,Emp_250,R&D Hardware,C,2019-03-05,52,74314,2.85
251,Emp_251,Finance,D,2019-10-02,49,104516,2.73
252,Emp_252,Finance,A,2019-07-20,33,112996,3.21
253,Emp_253,R&D Hardware,D,2019-04-30,22,59523,3.81
254,Emp_254,HR,E,2019-11-11,55,64164,3.34
255,Emp_255,HR,D,2021-01-20,47,43959,2.49
256,Emp_256,R&D Data Science,B,2022-11-22,36,98127,3.02
257,Emp_257,R&D Hardware,A,2020-10-31,56,85492,1.58
258,Emp_258,Finance,B,2020-08-13,41,60875,3.07
259,Emp_259,HR,A,2019-12-27,56,51656,3.42
260,Emp_260,HR,A,2019-03-19,43,96184,2.12
261,Emp_261,R&D Data Science,A,2020-12-01,42,118885,2.44
262,Emp_262,R&D Data Science,C,2020-08-11,48,35850,2.63
263,Emp_263,R&D Data Science,D,2022-06-07,57,70091,2.58
264,Emp_264,R&D Data Science,C,2022-02-07,49,113916,3.35
265,Emp_265,R&D Hardware,C,2019-03-17,25,42015,3.66
266,Emp_266,Sales,D,2020-10-17,47,92984,2.88
267,Emp_267,HR,B,2020-03-14,29,37661,3.23
268,Emp_268,R&D Data Science,A,2020-11-03,26,105200,2.75
269,Emp_269,Finance,B,2020-05-07,26,66847,3.01
270,Emp_270,HR,B,2022-07-02,31,83969,3.28
271,Emp_271,R&D Data Science,E,2021-10-07,26,35836,2.66
272,Emp_272,R&D Data Science,C,2020-01-07,55,52032,2.75
273,Emp_273,R&D Hardware,A,2022-02-12,32,107560,2.88
274,Emp_274,Sales,D,2022-10-25,45,99963,3.29
275,Emp_275,Sales,B,2019-01-12,54,61311,1.58
276,Emp_276,R&D Hardware,E,2019-09-29,35,56163,2.94
277,Emp_277,Finance,E,2022-07-29,43,89246,3.76
278,Emp_278,Sales,B,2021-02-28,50,51212,2.82
279,Emp_279,Finance,B,2019-05-31,45,108908,3.09
280,Emp_280,HR,E,2021-09-15,27,41794,3.29
281,Emp_281,HR,C,2021-02-01,24,84425,3.91
282,Emp_282,Sales,E,2019-04-19,22,108745,3.32
283,Emp_283,Sales,E,2020-04-01,31,85044,3.49
284,Emp_284,HR,E,2021-05-09,29,72890,3.41
285,Emp_285,HR,C,2020-04-21,51,90502,3.39
286,Emp_286,Sales,C,2021-01-13,43,72659,2.83
287,Emp_287,HR,C,2020-09-11,38,76832,2.8
288,Emp_288,Sales,D,2019-04-14,36,100533,2.67
289,Emp_289,R&D Hardware,D,2019-04-10,41,54890,4.21
290,Emp_290,R&D Data Science,D,2020-02-19,59,103315,2.59
291,Emp_291,Sales,D,2020-01-29,48,106264,3.27
292,Emp_292,Finance,A,2021-06-05,34,41367,2.86
293,Emp_293,Sales,A,2021-03-31,37,44731,2.54
294,Emp_294,HR,A,2022-08-16,41,74040,2.94
295,Emp_295,Finance,B,2021-04-29,40,35146,3.35
296,Emp_296,Finance,A,2022-11-25,24,41368,2.0
297,Emp_297,R&D Data Science,B,2021-12-24,38,30095,3.66
298,Emp_298,Sales,E,2019-05-16,33,48394,3.18
299,Emp_299,R&D Hardware,A,2021-04-30,57,63330,3.11
300,Emp_300,Finance,C,2022-09-17,31,31253,2.89
301,Emp_301,Finance,D,2019-11-10,31,86339,2.78
302,Emp_302,R&D Hardware,B,2021-08-30,52,56566,3.03
303,Emp_303,Finance,E,2019-09-27,44,63715,4.27
304,Emp_304,HR,A,2021-08-26,42,98235,2.95
305,Emp_305,R&D Hardware,D,2019-08-21,41,33407,3.32
306,Emp_306,HR,C,2022-03-15,26,78437,3.1
307,Emp_307,Sales,E,2022-04-09,37,87476,3.41
308,Emp_308,Sales,C,2022-08-17,55,43795,2.76
309,Emp_309,Sales,A,2022-06-04,22,64705,3.99
310,Emp_310,HR,B,2021-05-05,37,116553,2.72
311,Emp_311,Finance,E,2021-04-18,35,90794,3.31
312,Emp_312,Finance,A,2019-07-26,31,58236,3.42
313,Emp_313,R&D Hardware,A,2019-02-13,32,72752,3.27
314,Emp_314,R&D Hardware,B,2020-07-31,56,50320,3.6
315,Emp_315,Finance,B,2021-09-01,23,56566,2.86
316,Emp_316,R&D Data Science,A,2019-12-24,30,85011,3.33
317,Emp_317,HR,B,2019-09-20,22,70361,2.95
318,Emp_318,HR,E,2019-05-02,33,31107,4.21
319,Emp_319,HR,B,2022-04-14,48,45995,3.1
320,Emp_320,R&D Data Science,E,2022-04-11,52,48531,2.23
321,Emp_321,R&D Hardware,A,2021-02-16,41,53901,3.04
322,Emp_322,R&D Hardware,D,2020-05-30,43,114458,2.64
323,Emp_323,HR,A,2022-11-18,23,47111,3.55
324,Emp_324,R&D Hardware,A,2019-05-04,40,51273,2.27
325,Emp_325,HR,A,2020-05-22,50,39428,2.45
326,Emp_326,Finance,E,2021-11-24,33,110763,2.1
327,Emp_327,Finance,D,2020-05-28,31,38620,2.89
328,Emp_328,R&D Hardware,B,2022-08-11,46,110934,1.95
329,Emp_329,R&D Data Science,C,2019-07-26,26,72454,2.5
330,Emp_330,R&D Hardware,E,2021-05-12,48,104034,2.82
331,Emp_331,Sales,A,2022-12-29,43,90405,3.6
332,Emp_332,HR,A,2019-05-22,36,83903,2.94
333,Emp_333,Sales,C,2019-02-16,51,31535,3.13
334,Emp_334,R&D Hardware,B,2021-09-22,23,82506,2.66
335,Emp_335,Finance,D,2021-05-05,36,56572,3.51
336,Emp_336,HR,A,2021-03-16,22,81996,2.89
337,Emp_337,R&D Hardware,C,2021-01-16,37,74928,3.71
338,Emp_338,R&D Data Science,A,2022-10-02,55,44393,2.5
339,Emp_339,R&D Hardware,C,2019-03-24,54,85782,3.47
340,Emp_340,R&D Data Science,B,2020-06-02,59,100157,1.86
341,Emp_341,Finance,C,2022-12-22,27,91206,3.04
342,Emp_342,R&D Data Science,A,2020-05-28,52,88107,2.44
343,Emp_343,Sales,E,2020-04-19,31,35371,2.65
344,Emp_344,Sales,B,2019-06-26,29,87304,3.08
345,Emp_345,Sales,C,2021-04-27,52,38794,2.91
346,Emp_346,Sales,E,2022-11-26,43,80750,2.8
347,Emp_347,Sales,D,2022-07-23,52,119733,2.94
348,Emp_348,R&D Data Science,D,2019-09-12,30,69762,3.61
349,Emp_349,Sales,C,2022-03-17,23,46172,4.17
350,Emp_350,HR,B,2021-04-13,43,76659,3.01
351,Emp_351,R&D Data Science,A,2022-12-06,30,69959,2.43
352,Emp_352,Finance,D,2021-07-20,22,73913,2.46
353,Emp_353,R&D Data Science,E,2019-09-23,49,76515,3.07
354,Emp_354,R&D Hardware,E,2021-01-15,47,35637,2.46
355,Emp_355,Finance,E,2019-01-14,51,34314,2.95
356,Emp_356,Sales,D,2020-03-13,29,68433,2.59
357,Emp_357,Sales,C,2022-09-12,48,60849,3.53
358,Emp_358,R&D Hardware,D,2021-09-11,53,65903,2.68
359,Emp_359,Sales,B,2021-02-17,36,117520,3.4
360,Emp_360,Finance,B,2019-05-02,41,110573,2.88
361,Emp_361,Finance,C,2022-08-16,30,84767,2.52
362,Emp_362,Finance,E,2022-11-14,51,40986,3.12
363,Emp_363,R&D Data Science,D,2019-06-18,45,58876,2.12
364,Emp_364,R&D Data Science,C,2022-06-22,35,82699,3.01
365,Emp_365,Finance,A,2021-02-22,23,74986,3.38
366,Emp_366,R&D Data Science,B,2021-11-04,47,102067,3.63
367,Emp_367,R&D Data Science,A,2020-04-14,46,80772,2.94
368,Emp_368,HR,A,2019-01-01,52,84666,2.66
369,Emp_369,R&D Data Science,D,2022-08-08,38,100835,2.89
370,Emp_370,HR,C,2022-11-23,33,60793,3.46
371,Emp_371,HR,A,2020-08-23,29,62909,2.75
372,Emp_372,R&D Data Science,A,2021-10-24,43,61569,3.16
373,Emp_373,R&D Data Science,E,2022-09-10,46,101098,3.0
374,Emp_374,R&D Data Science,E,2022-01-30,59,63069,3.56
375,Emp_375,Sales,A,2021-05-13,58,44489,3.03
376,Emp_376,HR,D,2020-09-18,54,48880,3.33
377,Emp_377,Sales,A,2020-08-02,31,46118,3.27
378,Emp_378,Finance,B,2020-03-01,38,88612,3.81
379,Emp_379,R&D Data Science,C,2021-02-20,57,91198,2.79
380,Emp_380,Finance,D,2022-02-11,25,36359,2.94
381,Emp_381,Sales,E,2020-02-06,59,61686,2.03
382,Emp_382,HR,C,2019-12-29,25,87615,2.25
383,Emp_383,R&D Hardware,B,2020-11-11,57,43829,2.77
384,Emp_384,R&D Data Science,D,2021-08-28,23,115504,3.24
385,Emp_385,Finance,D,2021-03-17,25,97303,3.16
386,Emp_386,Finance,D,2019-11-20,33,38903,3.38
387,Emp_387,Finance,E,2022-07-31,25,36077,2.2
388,Emp_388,Sales,C,2020-10-17,34,91216,2.74
389,Emp_389,Sales,B,2021-01-24,54,65357,3.17
390,Emp_390,R&D Hardware,A,2021-01-16,22,99535,2.37
391,Emp_391,Sales,A,2019-02-14,45,50943,3.76
392,Emp_392,HR,A,2019-12-07,29,72699,2.72
393,Emp_393,HR,C,2020-07-18,23,94491,2.86
394,Emp_394,Finance,D,2019-06-22,56,74447,3.27
395,Emp_395,R&D Data Science,B,2019-03-23,35,45467,2.52
396,Emp_396,Finance,E,2020-10-07,52,103830,3.93
397,Emp_397,HR,D,2020-12-12,43,119558,3.06
398,Emp_398,HR,E,2019-09-13,39,48164,2.77
399,Emp_399,HR,D,2022-10-05,45,70419,2.55
400,Emp_400,Finance,A,2019-04-17,57,95214,2.97
401,Emp_401,R&D Hardware,D,2021-01-24,55,41795,3.23
402,Emp_402,R&D Data Science,A,2022-03-30,28,98933,4.13
403,Emp_403,R&D Hardware,A,2021-07-26,46,102369,3.37
404,Emp_404,R&D Hardware,B,2022-05-19,56,32240,3.0
405,Emp_405,R&D Data Science,B,2020-02-18,31,34587,3.18
406,Emp_406,HR,E,2022-10-20,46,49841,3.32
407,Emp_407,HR,E,2020-10-11,51,83042,2.23
408,Emp_408,Finance,C,2019-02-24,27,99301,3.24
409,Emp_409,Finance,C,2021-06-23,47,40810,2.49
410,Emp_410,R&D Hardware,E,2021-11-15,26,58622,2.7
411,Emp_411,R&D Data Science,B,2019-06-11,22,66724,3.61
412,Emp_412,R&D Data Science,A,2020-06-13,36,82921,4.22
413,Emp_413,Sales,C,2020-05-12,31,80834,3.63
414,Emp_414,Sales,B,2020-03-07,58,97334,2.77
415,Emp_415,R&D Hardware,A,2021-12-22,50,30171,3.45
416,Emp_416,Finance,C,2021-04-19,37,72737,3.56
417,Emp_417,HR,B,2021-09-03,24,67792,2.7
418,Emp_418,HR,E,2022-01-15,58,118699,3.0
419,Emp_419,R&D Hardware,B,2020-05-22,29,76872,2.98
420,Emp_420,R&D Data Science,C,2019-06-15,39,84664,1.61
421,Emp_421,Sales,A,2022-07-13,53,54834,2.94
422,Emp_422,Finance,C,2020-10-14,37,45858,2.99
423,Emp_423,R&D Data Science,D,2022-01-17,50,62796,2.37
424,Emp_424,Finance,E,2022-11-06,53,72232,3.4
425,Emp_425,Finance,D,2022-10-29,44,111326,3.0
426,Emp_426,R&D Hardware,C,2020-02-11,45,98395,2.69
427,Emp_427,Sales,C,2022-04-23,26,87185,3.02
428,Emp_428,Sales,B,2020-07-11,22,74916,2.89
429,Emp_429,HR,B,2020-12-03,39,97597,2.83
430,Emp_430,R&D Data Science,D,2020-05-31,28,53073,3.01
431,Emp_431,R&D Data Science,B,2021-04-17,26,44090,2.48
432,Emp_432,Sales,B,2020-09-29,33,79021,2.93
433,Emp_433,Finance,D,2022-01-05,54,98429,3.18
434,Emp_434,HR,B,2020-11-12,38,88739,2.46
435,Emp_435,HR,D,2020-02-01,24,97358,2.84
436,Emp_436,Finance,A,2019-05-31,32,79216,3.05
437,Emp_437,HR,D,2022-10-09,22,118427,3.21
438,Emp_438,Finance,B,2020-11-20,31,92663,2.72
439,Emp_439,HR,E,2020-01-30,33,118387,2.44
440,Emp_440,Sales,E,2019-07-18,39,38830,2.92
441,Emp_441,HR,D,2019-05-03,58,42127,2.96
442,Emp_442,HR,E,2019-01-17,27,73400,3.84
443,Emp_443,R&D Data Science,E,2020-12-12,58,90739,2.94
444,Emp_444,HR,B,2020-02-16,26,60103,3.06
445,Emp_445,Finance,A,2022-08-11,33,39748,2.89
446,Emp_446,Sales,A,2019-04-18,51,59382,3.27
447,Emp_447,HR,B,2022-01-13,33,118302,2.78
448,Emp_448,Sales,A,2022-12-20,54,83572,3.0
449,Emp_449,Sales,D,2020-12-23,23,68058,2.57
450,Emp_450,HR,A,2020-09-19,56,63916,3.35
451,Emp_451,R&D Data Science,E,2020-03-30,32,72223,3.12
452,Emp_452,R&D Hardware,B,2021-07-23,37,69070,3.31
453,Emp_453,HR,C,2019-04-24,48,87140,2.51
454,Emp_454,R&D Hardware,E,2020-12-15,38,109351,2.56
455,Emp_455,HR,E,2019-12-26,50,97267,3.23
456,Emp_456,Sales,D,2019-02-10,22,30490,2.75
457,Emp_457,HR,C,2019-04-05,24,84817,2.15
458,Emp_458,R&D Hardware,D,2022-04-03,44,73006,2.77
459,Emp_459,Sales,B,2019-04-09,46,95821,3.65
460,Emp_460,HR,C,2020-07-25,41,80371,3.19
461,Emp_461,R&D Data Science,B,2020-08-24,52,77103,3.18
462,Emp_462,Finance,A,2020-11-27,35,52631,2.61
463,Emp_463,HR,E,2022-02-25,29,87774,3.59
464,Emp_464,R&D Data Science,A,2021-08-12,41,33307,2.44
465,Emp_465,R&D Hardware,B,2022-08-04,57,59069,3.79
466,Emp_466,R&D Data Science,D,2021-03-27,51,77520,3.21
467,Emp_467,Finance,E,2021-09-30,42,52560,2.11
468,Emp_468,R&D Data Science,E,2019-05-07,30,96802,2.87
469,Emp_469,HR,C,2020-01-23,32,115366,3.04
470,Emp_470,R&D Data Science,A,2019-11-17,56,32889,2.88
471,Emp_471,HR,B,2020-05-18,33,51861,2.94
472,Emp_472,R&D Hardware,B,2021-11-02,30,107164,2.43
473,Emp_473,Finance,B,2021-05-02,43,110529,3.37
474,Emp_474,R&D Data Science,B,2019-11-29,26,36435,3.16
475,Emp_475,Finance,D,2020-01-06,29,97961,2.34
476,Emp_476,R&D Data Science,B,2021-08-01,43,78931,3.26
477,Emp_477,Finance,D,2019-11-10,44,95186,4.03
478,Emp_478,R&D Data Science,D,2019-05-30,28,95989,2.84
479,Emp_479,R&D Hardware,C,2020-06-08,41,86084,3.31
480,Emp_480,R&D Hardware,C,2020-10-19,28,33846,2.59
481,Emp_481,HR,A,2020-02-28,54,116920,3.07
482,Emp_482,R&D Data Science,B,2020-03-15,59,111664,3.79
483,Emp_483,R&D Hardware,D,2020-03-25,44,108653,2.81
484,Emp_484,R&D Hardware,C,2022-08-10,43,50551,3.25
485,Emp_485,Finance,B,2020-05-27,33,81578,3.48
486,Emp_486,R&D Hardware,C,2021-03-02,25,32822,3.05
487,Emp_487,R&D Hardware,C,2021-06-28,54,107253,3.46
488,Emp_488,HR,A,2019-05-17,51,71629,3.31
489,Emp_489,Sales,D,2020-04-13,43,95071,3.19
490,Emp_490,Finance,D,2019-02-23,39,118131,2.28
491,Emp_491,R&D Hardware,C,2019-07-30,27,93623,3.58
492,Emp_492,Sales,B,2019-12-03,49,82792,2.36
493,Emp_493,Sales,D,2020-01-28,23,99725,4.15
494,Emp_494,R&D Hardware,A,2022-11-15,55,75268,3.21
495,Emp_495,HR,D,2020-02-16,59,44994,3.72
496,Emp_496,R&D Data Science,A,2022-04-04,52,92870,3.36
497,Emp_497,HR,B,2020-02-24,40,97029,2.94
498,Emp_498,R&D Hardware,C,2019-12-17,37,35678,3.29
499,Emp_499,Finance,B,2021-08-30,51,110034,2.8
500,Emp_500,R&D Data Science,B,2019-10-29,26,119698,3.7
501,Emp_501,R&D Data Science,A,2022-08-31,42,47407,2.31
502,Emp_502,R&D Hardware,B,2022-03-21,38,76544,3.25
503,Emp_503,R&D Hardware,C,2021-02-05,43,92349,2.13
504,Emp_504,Finance,D,2022-06-20,24,106347,2.24
505,Emp_505,HR,A,2021-01-16,42,30013,2.79
506,Emp_506,Finance,A,2021-08-26,46,105169,3.77
507,Emp_507,R&D Hardware,B,2021-10-11,42,81277,3.38
508,Emp_508,Finance,B,2020-04-09,37,94441,3.34
509,Emp_509,R&D Hardware,B,2022-06-23,55,119674,2.46
510,Emp_510,R&D Data Science,E,2021-06-12,46,114567,1.97
511,Emp_511,Finance,C,2021-08-28,46,105989,2.92
512,Emp_512,Sales,B,2020-05-01,49,48011,3.0
513,Emp_513,R&D Data Science,E,2021-05-06,25,107293,3.21
514,Emp_514,Sales,A,2021-04-12,41,63335,2.81
515,Emp_515,R&D Hardware,C,2022-11-12,34,62479,2.93
516,Emp_516,Sales,E,2021-07-05,32,48918,3.04
517,Emp_517,HR,A,2021-10-04,31,42754,2.94
518,Emp_518,R&D Hardware,D,2022-04-14,50,108427,3.02
519,Emp_519,Sales,D,2020-03-22,53,101421,2.38
520,Emp_520,R&D Hardware,C,2019-12-20,45,75530,3.06
521,Emp_521,HR,E,2021-11-14,35,43591,3.17
522,Emp_522,Sales,E,2020-12-23,27,115191,3.52
523,Emp_523,Sales,A,2019-05-18,29,108612,3.09
524,Emp_524,R&D Data Science,D,2022-09-14,38,103182,2.72
525,Emp_525,Sales,D,2022-05-08,57,60666,3.15
526,Emp_526,Sales,B,2019-10-25,50,83667,3.26
527,Emp_527,R&D Hardware,E,2020-12-27,39,40949,3.17
528,Emp_528,HR,C,2022-09-09,59,64198,2.61
529,Emp_529,Finance,D,2022-02-25,23,61393,3.79
530,Emp_530,HR,C,2019-08-24,39,108720,3.67
531,Emp_531,HR,C,2021-11-14,52,61212,2.68
532,Emp_532,Sales,B,2022-12-25,56,43485,3.49
533,Emp_533,Finance,D,2020-06-28,25,51634,2.42
534,Emp_534,Finance,C,2021-03-13,55,98757,2.72
535,Emp_535,HR,D,2021-05-10,47,72770,1.85
536,Emp_536,R&D Hardware,B,2019-02-07,23,110208,2.46
537,Emp_537,Finance,A,2019-08-17,56,55187,2.92
538,Emp_538,Finance,A,2021-04-30,40,83247,2.87
539,Emp_539,HR,A,2021-12-15,43,83064,3.07
540,Emp_540,R&D Data Science,C,2020-07-01,50,37548,2.49
541,Emp_541,Finance,C,2019-12-22,23,39265,2.72
542,Emp_542,HR,C,2021-12-25,34,98927,2.5
543,Emp_543,R&D Data Science,D,2019-12-16,37,53659,3.15
544,Emp_544,HR,E,2022-06-07,50,119903,3.64
545,Emp_545,HR,D,2019-12-22,47,49328,3.34
546,Emp_546,R&D Hardware,A,2021-03-25,44,79069,3.02
547,Emp_547,Sales,E,2022-10-10,49,71852,3.5
548,Emp_548,R&D Data Science,B,2019-04-02,35,105574,2.92
549,Emp_549,Sales,E,2019-03-04,55,98390,2.08
550,Emp_550,R&D Data Science,B,2019-03-04,36,68948,3.75
551,Emp_551,R&D Data Science,C,2020-05-12,30,101779,3.36
552,Emp_552,Finance,A,2019-09-09,26,45465,2.86
553,Emp_553,R&D Hardware,C,2020-08-13,43,83630,2.21
554,Emp_554,R&D Hardware,D,2021-05-24,50,55114,3.21
555,Emp_555,HR,C,2019-06-08,44,97374,2.17
556,Emp_556,Sales,C,2022-10-03,36,73026,3.06
557,Emp_557,HR,E,2019-02-21,22,114696,2.74
558,Emp_558,R&D Hardware,B,2020-05-31,59,30344,2.82
559,Emp_559,HR,A,2021-06-21,31,37630,3.52
560,Emp_560,R&D Hardware,C,2022-07-07,55,88588,3.35
561,Emp_561,R&D Hardware,C,2020-11-10,29,57177,2.56
562,Emp_562,R&D Data Science,B,2020-05-07,48,50778,2.14
563,Emp_563,HR,D,2022-01-29,51,115242,2.38
564,Emp_564,R&D Data Science,D,2020-02-16,39,108613,2.46
565,Emp_565,HR,E,2019-10-28,32,97281,3.48
566,Emp_566,R&D Hardware,B,2019-09-14,55,71038,3.05
567,Emp_567,R&D Hardware,C,2021-01-03,23,85161,4.05
568,Emp_568,Finance,D,2021-04-26,41,58758,3.68
569,Emp_569,R&D Data Science,D,2022-02-26,51,117247,2.54
570,Emp_570,Sales,A,2022-07-04,28,34850,2.62
571,Emp_571,HR,A,2019-04-07,27,55042,4.24
572,Emp_572,Sales,E,2019-01-30,26,100027,2.52
573,Emp_573,Finance,D,2022-11-14,24,54856,3.38
574,Emp_574,R&D Hardware,D,2019-03-11,38,103541,2.93
575,Emp_575,R&D Data Science,B,2020-11-28,29,40475,3.66
576,Emp_576,Sales,A,2022-08-03,46,77622,2.92
577,Emp_577,R&D Data Science,A,2021-02-25,45,118637,2.83
578,Emp_578,R&D Hardware,D,2020-09-10,44,63980,2.69
579,Emp_579,R&D Data Science,E,2019-01-17,28,51611,3.37
580,Emp_580,R&D Data Science,D,2022-09-23,36,105148,3.71
581,Emp_581,HR,C,2022-05-12,46,87893,3.96
582,Emp_582,Sales,A,2019-01-10,53,110072,2.68
583,Emp_583,Finance,A,2020-12-31,42,93797,3.16
584,Emp_584,R&D Data Science,B,2022-01-05,40,51032,3.11
585,Emp_585,R&D Data Science,E,2022-06-09,57,107704,4.0
586,Emp_586,Finance,B,2021-04-25,54,119344,2.58
587,Emp_587,Sales,A,2021-05-05,42,93776,3.33
588,Emp_588,R&D Hardware,E,2021-08-12,46,115388,2.91
589,Emp_589,HR,D,2020-09-25,54,57892,1.73
590,Emp_590,Finance,D,2022-12-27,49,80425,2.73
591,Emp_591,R&D Data Science,E,2022-12-06,58,82219,3.47
592,Emp_592,R&D Hardware,C,2019-06-03,40,66341,2.76
593,Emp_593,HR,D,2019-04-22,44,69282,1.98
594,Emp_594,Finance,B,2021-11-24,56,36927,2.67
595,Emp_595,R&D Data Science,D,2019-03-18,53,67655,2.15
596,Emp_596,Sales,D,2022-04-26,40,63214,3.79
597,Emp_597,Finance,C,2021-09-02,36,101734,2.4
598,Emp_598,R&D Data Science,D,2021-04-07,29,111260,2.56
599,Emp_599,R&D Hardware,B,2022-07-25,33,38145,3.25
600,Emp_600,Finance,B,2020-05-25,32,82567,2.89
601,Emp_601,HR,B,2019-12-31,44,77725,3.42
602,Emp_602,Sales,A,2021-05-30,22,111769,3.63
603,Emp_603,Finance,D,2022-01-27,56,47990,2.83
604,Emp_604,Finance,D,2020-10-07,39,119763,3.05
605,Emp_605,Sales,E,2020-11-02,28,107734,3.47
606,Emp_606,R&D Hardware,C,2019-10-07,25,93809,2.57
607,Emp_607,HR,A,2020-08-20,49,91729,2.78
608,Emp_608,R&D Data Science,D,2021-03-26,34,110485,3.0
609,Emp_609,R&D Hardware,B,2019-03-10,43,115345,3.6
610,Emp_610,R&D Data Science,A,2022-05-10,47,71091,3.05
611,Emp_611,HR,A,2021-08-01,22,37290,1.79
612,Emp_612,R&D Hardware,B,2020-12-31,56,116706,4.0
613,Emp_613,Finance,E,2020-04-20,23,54481,3.28
614,Emp_614,R&D Hardware,D,2022-07-20,59,59187,2.81
615,Emp_615,R&D Data Science,C,2022-03-20,47,71293,3.19
616,Emp_616,Finance,E,2022-02-23,45,43730,3.15
617,Emp_617,Sales,C,2021-11-18,26,55423,2.86
618,Emp_618,R&D Hardware,C,2019-10-12,29,98523,2.91
619,Emp_619,R&D Hardware,D,2020-09-17,51,42769,3.27
620,Emp_620,Finance,A,2021-05-19,23,115022,3.13
621,Emp_621,R&D Hardware,B,2020-08-24,45,46297,3.03
622,Emp_622,Finance,C,2022-03-03,45,115145,3.42
623,Emp_623,Sales,E,2022-12-14,46,113196,2.59
624,Emp_624,R&D Hardware,D,2020-12-16,47,92025,3.15
625,Emp_625,R&D Data Science,D,2021-08-05,27,31532,3.15
626,Emp_626,R&D Hardware,E,2020-08-12,44,88686,2.13
627,Emp_627,Finance,C,2020-11-27,38,60613,2.98
628,Emp_628,Finance,C,2022-07-09,53,112916,3.52
629,Emp_629,R&D Data Science,C,2019-01-30,22,87547,2.7
630,Emp_630,R&D Data Science,E,2019-04-02,25,43496,3.06
631,Emp_631,Finance,C,2020-03-25,55,53417,3.0
632,Emp_632,Finance,E,2022-09-03,53,31452,3.27
633,Emp_633,R&D Hardware,D,2020-05-03,28,68594,2.77
634,Emp_634,Finance,E,2022-03-24,22,97680,2.52
635,Emp_635,R&D Data Science,B,2022-08-01,30,109964,2.43
636,Emp_636,R&D Hardware,A,2021-09-26,46,57210,3.02
637,Emp_637,Finance,A,2020-02-28,28,77459,3.42
638,Emp_638,Sales,B,2019-04-16,33,93773,2.31
639,Emp_639,R&D Data Science,E,2020-11-18,26,68077,2.53
640,Emp_640,Sales,A,2019-04-20,59,99099,3.3
641,Emp_641,R&D Hardware,B,2020-01-13,29,83289,2.4
642,Emp_642,R&D Data Science,C,2019-09-18,47,116949,2.52
643,Emp_643,R&D Hardware,B,2020-01-20,27,38895,3.09
644,Emp_644,HR,A,2019-09-25,59,100813,3.05
645,Emp_645,R&D Data Science,E,2019-06-29,26,45713,2.08
646,Emp_646,R&D Hardware,E,2020-09-03,34,98643,3.39
647,Emp_647,Sales,E,2021-08-22,38,103450,2.97
648,Emp_648,R&D Hardware,A,2020-05-12,27,97792,2.37
649,Emp_649,Finance,C,2021-01-02,35,81284,3.77
650,Emp_650,Finance,E,2021-05-24,33,45393,2.98
651,Emp_651,Sales,D,2021-07-01,44,34739,2.3
652,Emp_652,R&D Hardware,C,2021-06-03,22,69263,3.06
653,Emp_653,R&D Data Science,B,2021-12-30,46,107037,2.82
654,Emp_654,Sales,D,2021-01-30,49,76180,3.16
655,Emp_655,R&D Hardware,C,2019-04-06,52,107144,2.71
656,Emp_656,HR,A,2021-10-23,46,79854,3.02
657,Emp_657,Finance,D,2020-05-23,50,62281,3.73
658,Emp_658,Sales,C,2022-07-21,46,117333,2.45
659,Emp_659,R&D Hardware,C,2022-06-20,52,117754,3.04
660,Emp_660,HR,C,2019-06-10,54,113168,2.43
661,Emp_661,Finance,C,2019-08-14,57,92147,3.44
662,Emp_662,HR,E,2022-12-17,44,41903,3.04
663,Emp_663,Sales,D,2020-08-03,30,32751,2.59
664,Emp_664,R&D Hardware,C,2022-07-08,25,76056,2.97
665,Emp_665,HR,B,2021-10-16,58,42877,2.78
666,Emp_666,HR,C,2019-12-02,36,99226,2.65
667,Emp_667,HR,E,2022-02-25,58,77381,2.68
668,Emp_668,R&D Data Science,D,2019-10-05,39,96728,3.39
669,Emp_669,HR,D,2022-10-27,41,80317,2.64
670,Emp_670,R&D Hardware,C,2022-01-31,46,91986,3.09
671,Emp_671,R&D Hardware,C,2019-09-30,46,92848,3.25
672,Emp_672,R&D Hardware,B,2019-01-03,57,113511,2.38
673,Emp_673,Finance,D,2020-12-02,23,74076,3.14
674,Emp_674,HR,D,2019-06-24,34,108567,2.73
675,Emp_675,Sales,D,2022-02-08,42,67691,2.13
676,Emp_676,Finance,A,2019-10-16,29,71489,2.8
677,Emp_677,R&D Data Science,D,2019-08-20,44,38544,3.18
678,Emp_678,R&D Hardware,D,2020-01-21,37,113448,3.4
679,Emp_679,R&D Data Science,B,2022-08-09,54,113723,3.09
680,Emp_680,Finance,B,2019-09-22,55,113370,2.76
681,Emp_681,R&D Data Science,E,2021-05-09,35,116726,3.18
682,Emp_682,Finance,B,2021-10-21,23,112721,2.47
683,Emp_683,R&D Data Science,D,2019-06-13,25,115043,3.44
684,Emp_684,R&D Hardware,D,2021-11-16,58,78965,2.14
685,Emp_685,HR,D,2022-04-29,49,79233,2.97
686,Emp_686,R&D Hardware,B,2021-08-06,56,38118,2.45
687,Emp_687,R&D Hardware,C,2020-11-02,47,37372,3.68
688,Emp_688,R&D Hardware,A,2019-09-17,38,95577,3.27
689,Emp_689,HR,E,2019-09-17,31,82689,3.89
690,Emp_690,R&D Hardware,C,2022-10-10,47,36047,3.25
691,Emp_691,Finance,A,2022-02-14,22,83507,2.78
692,Emp_692,R&D Data Science,B,2019-06-14,37,30744,3.38
693,Emp_693,HR,E,2020-03-02,38,119514,2.92
694,Emp_694,Sales,E,2020-01-02,58,105614,2.97
695,Emp_695,Finance,B,2021-11-10,29,57270,3.23
696,Emp_696,HR,C,2022-06-11,45,46192,3.03
697,Emp_697,R&D Data Science,A,2019-05-14,59,51124,3.81
698,Emp_698,HR,D,2020-12-29,59,104303,2.85
699,Emp_699,Finance,D,2021-10-20,26,37616,2.86
700,Emp_700,Finance,A,2022-01-12,56,76563,2.41
701,Emp_701,Sales,D,2020-11-25,44,35462,2.64
702,Emp_702,R&D Hardware,C,2021-01-11,52,68878,4.03
703,Emp_703,R&D Data Science,B,2022-07-07,55,92951,2.52
704,Emp_704,Finance,D,2022-03-21,49,67654,3.81
705,Emp_705,Finance,B,2021-12-08,29,109153,3.57
706,Emp_706,R&D Data Science,D,2021-05-12,35,73802,2.92
707,Emp_707,Finance,D,2020-11-01,47,109672,3.37
708,Emp_708,Sales,E,2022-05-26,59,100795,2.27
709,Emp_709,Sales,D,2020-10-14,53,37042,3.19
710,Emp_710,R&D Hardware,E,2019-08-29,58,45317,3.21
711,Emp_711,HR,A,2021-07-12,30,60672,2.6
712,Emp_712,R&D Data Science,D,2019-07-24,40,50482,2.72
713,Emp_713,Sales,D,2020-12-15,42,85387,4.08
714,Emp_714,Sales,D,2020-03-03,47,101801,3.15
715,Emp_715,Sales,E,2019-08-27,51,40873,2.38
716,Emp_716,Sales,D,2021-01-25,24,64537,2.74
717,Emp_717,R&D Hardware,C,2019-02-13,39,41904,3.78
718,Emp_718,Finance,A,2020-12-12,55,47725,3.21
719,Emp_719,Sales,B,2020-05-27,25,111418,3.4
720,Emp_720,R&D Hardware,B,2020-07-17,48,92739,3.22
721,Emp_721,HR,E,2020-11-05,46,114635,3.01
722,Emp_722,Finance,A,2021-05-14,52,42912,2.13
723,Emp_723,HR,A,2021-11-13,23,107690,1.99
724,Emp_724,Finance,B,2021-02-25,40,79932,2.93
725,Emp_725,Finance,E,2021-03-11,29,105249,2.6
726,Emp_726,Finance,C,2019-01-03,27,30102,3.2
727,Emp_727,R&D Hardware,A,2022-07-16,59,50549,3.75
728,Emp_728,R&D Data Science,B,2021-06-13,41,99974,2.22
729,Emp_729,HR,C,2021-02-03,56,71022,3.93
730,Emp_730,Finance,C,2022-01-01,43,74044,2.55
731,Emp_731,Finance,C,2022-11-22,58,35698,2.89
732,Emp_732,Sales,D,2021-06-13,46,60592,2.79
733,Emp_733,Sales,C,2019-05-12,52,67226,3.37
734,Emp_734,R&D Hardware,C,2022-06-08,23,59664,3.43
735,Emp_735,Finance,B,2020-03-30,22,70068,2.76
736,Emp_736,HR,E,2020-02-09,46,107768,3.11
737,Emp_737,HR,D,2021-04-06,26,105154,3.19
738,Emp_738,Sales,B,2019-01-03,22,112733,3.43
739,Emp_739,Sales,B,2021-09-08,58,95735,2.64
740,Emp_740,R&D Data Science,C,2019-06-25,42,104312,3.5
741,Emp_741,Finance,D,2019-04-21,26,61632,3.41
742,Emp_742,Finance,E,2019-09-12,27,39814,2.4
743,Emp_743,Sales,E,2019-11-10,36,66714,3.13
744,Emp_744,Sales,B,2022-08-06,44,72879,4.43
745,Emp_745,Sales,D,2019-03-11,37,114244,2.73
746,Emp_746,R&D Data Science,B,2022-05-30,41,105312,2.68
747,Emp_747,R&D Data Science,B,2022-01-08,34,88837,1.9
748,Emp_748,R&D Data Science,E,2022-01-18,54,39815,3.61
749,Emp_749,Finance,E,2020-05-08,52,91921,3.03
750,Emp_750,R&D Data Science,B,2021-10-10,42,68448,3.27
751,Emp_751,Finance,E,2022-07-28,42,117770,3.3
752,Emp_752,Sales,E,2019-12-23,27,56763,2.95
753,Emp_753,Finance,C,2020-12-01,32,114367,2.87
754,Emp_754,HR,C,2021-06-08,46,102559,2.77
755,Emp_755,R&D Hardware,A,2021-04-12,33,56265,3.47
756,Emp_756,Sales,A,2022-01-06,43,114502,2.8
757,Emp_757,HR,B,2020-12-11,28,36963,2.62
758,Emp_758,R&D Hardware,B,2022-02-11,23,68045,3.52
759,Emp_759,HR,B,2020-07-15,35,40380,4.08
760,Emp_760,R&D Hardware,B,2019-05-12,37,45162,2.95
761,Emp_761,R&D Hardware,E,2021-07-17,43,116335,2.77
762,Emp_762,R&D Data Science,A,2022-02-13,25,112862,2.9
763,Emp_763,HR,B,2020-02-02,51,91793,2.94
764,Emp_764,HR,C,2019-03-17,31,112734,2.15
765,Emp_765,Sales,E,2021-11-07,46,77454,2.6
766,Emp_766,Finance,A,2019-03-10,58,80286,2.13
767,Emp_767,HR,E,2019-10-31,42,39483,3.5
768,Emp_768,HR,D,2019-11-27,59,78070,2.37
769,Emp_769,Sales,B,2020-02-27,41,45657,2.77
770,Emp_770,Sales,C,2020-09-20,25,99781,3.45
771,Emp_771,R&D Data Science,A,2022-06-23,59,86010,2.8
772,Emp_772,Finance,E,2021-05-20,25,109963,4.07
773,Emp_773,Finance,A,2020-03-08,42,83638,2.94
774,Emp_774,R&D Data Science,D,2021-03-04,52,49339,2.71
775,Emp_775,Sales,C,2020-07-01,55,116205,2.64
776,Emp_776,Sales,E,2021-08-18,47,95904,3.59
777,Emp_777,Sales,D,2021-10-29,44,74493,2.73
778,Emp_778,HR,C,2021-08-21,59,66499,2.29
779,Emp_779,Finance,B,2021-02-13,24,112169,2.49
780,Emp_780,Finance,A,2022-01-30,49,31337,2.27
781,Emp_781,R&D Hardware,D,2021-10-17,59,30656,2.91
782,Emp_782,R&D Hardware,A,2022-11-16,50,64984,3.38
783,Emp_783,HR,A,2021-08-05,57,72506,2.66
784,Emp_784,HR,D,2019-03-24,55,38489,3.24
785,Emp_785,Finance,D,2020-01-12,47,70874,2.7
786,Emp_786,R&D Hardware,E,2022-02-24,32,69336,4.61
787,Emp_787,R&D Data Science,C,2022-07-12,30,73933,3.85
788,Emp_788,Sales,B,2019-02-17,39,105082,3.43
789,Emp_789,Finance,C,2019-10-28,47,45007,2.81
790,Emp_790,R&D Data Science,B,2019-03-17,29,41857,3.26
791,Emp_791,HR,B,2019-11-02,51,117035,2.72
792,Emp_792,Sales,E,2021-12-10,42,102547,2.92
793,Emp_793,HR,C,2022-03-08,55,40148,3.3
794,Emp_794,R&D Hardware,D,2022-04-10,32,76564,3.09
795,Emp_795,R&D Data Science,A,2020-12-20,34,80001,3.18
796,Emp_796,Sales,E,2021-09-14,24,81057,2.96
797,Emp_797,Sales,E,2022-01-31,54,38661,2.33
798,Emp_798,HR,E,2020-07-28,46,111177,3.23
799,Emp_799,Finance,D,2019-12-05,27,81119,4.09
800,Emp_800,R&D Data Science,A,2022-09-04,41,96742,3.23
801,Emp_801,Sales,B,2022-10-29,22,78495,3.59
802,Emp_802,Sales,D,2020-02-24,39,107257,3.7
803,Emp_803,R&D Hardware,C,2019-12-08,45,76987,2.73
804,Emp_804,R&D Data Science,C,2021-07-13,42,101856,2.71
805,Emp_805,R&D Data Science,D,2021-08-13,58,59456,3.4
806,Emp_806,Sales,E,2019-08-14,58,113144,2.55
807,Emp_807,R&D Data Science,D,2022-01-18,34,79569,4.04
808,Emp_808,R&D Data Science,A,2020-04-03,58,115627,3.0
809,Emp_809,Sales,B,2020-05-21,37,77792,3.15
810,Emp_810,Sales,B,2022-11-30,59,108222,3.68
811,Emp_811,HR,B,2021-07-10,46,93144,1.79
812,Emp_812,HR,B,2020-09-24,42,31345,2.64
813,Emp_813,HR,E,2022-12-20,29,69598,2.41
814,Emp_814,HR,C,2021-11-03,45,100879,3.06
815,Emp_815,R&D Data Science,C,2022-09-08,42,38982,3.24
816,Emp_816,R&D Hardware,D,2019-07-30,27,106781,3.23
817,Emp_817,Sales,B,2022-05-21,29,101848,2.8
818,Emp_818,Sales,C,2021-03-19,58,54312,3.2
819,Emp_819,Finance,A,2019-11-09,31,44300,3.47
820,Emp_820,R&D Hardware,D,2019-12-08,27,76140,2.9
821,Emp_821,R&D Hardware,E,2019-02-07,47,55982,2.65
822,Emp_822,Sales,C,2022-12-25,55,115116,3.66
823,Emp_823,R&D Hardware,B,2022-05-20,42,52008,3.44
824,Emp_824,Finance,E,2022-11-15,22,35817,3.46
825,Emp_825,R&D Data Science,A,2022-11-17,55,41347,3.36
826,Emp_826,HR,A,2021-10-17,41,36131,2.83
827,Emp_827,Finance,A,2020-12-26,31,80282,2.82
828,Emp_828,HR,E,2022-11-04,24,77403,2.52
829,Emp_829,Sales,C,2019-08-28,38,104231,2.83
830,Emp_830,R&D Data Science,C,2020-11-08,45,45940,4.12
831,Emp_831,Finance,B,2021-08-21,47,41762,3.05
832,Emp_832,R&D Hardware,E,2020-11-17,38,102401,2.92
833,Emp_833,R&D Data Science,C,2021-01-14,39,94605,2.71
834,Emp_834,Finance,D,2020-03-01,39,48918,3.42
835,Emp_835,R&D Data Science,B,2021-05-10,59,52042,2.81
836,Emp_836,Sales,C,2021-12-23,34,106754,2.19
837,Emp_837,R&D Hardware,D,2021-12-17,28,82659,3.09
838,Emp_838,HR,B,2021-10-12,46,77956,1.76
839,Emp_839,HR,A,2020-07-05,55,57951,2.98
840,Emp_840,HR,A,2020-12-06,36,87145,2.26
841,Emp_841,Finance,D,2022-12-30,27,116471,3.08
842,Emp_842,R&D Data Science,A,2020-12-02,31,115218,3.07
843,Emp_843,R&D Hardware,D,2020-01-01,59,81852,2.38
844,Emp_844,R&D Hardware,B,2021-08-12,33,66440,3.49
845,Emp_845,Finance,C,2019-12-18,47,47518,2.89
846,Emp_846,R&D Hardware,B,2021-07-25,38,86814,3.51
847,Emp_847,R&D Hardware,D,2019-03-15,41,95468,2.75
848,Emp_848,R&D Data Science,E,2020-11-24,45,70237,2.81
849,Emp_849,R&D Data Science,E,2020-06-03,31,59790,2.29
850,Emp_850,R&D Data Science,D,2019-12-22,48,81171,3.07
851,Emp_851,Finance,A,2021-08-01,33,81106,2.87
852,Emp_852,Finance,D,2020-12-10,29,45335,3.16
853,Emp_853,Finance,C,2020-11-12,49,60146,2.64
854,Emp_854,R&D Hardware,B,2021-03-07,54,119976,3.26
855,Emp_855,HR,D,2022-06-24,52,88535,3.09
856,Emp_856,R&D Hardware,C,2021-06-09,44,41926,3.24
857,Emp_857,R&D Data Science,E,2021-05-03,51,75795,3.24
858,Emp_858,HR,D,2021-02-18,54,91493,2.96
859,Emp_859,Sales,A,2020-05-30,24,48458,1.82
860,Emp_860,HR,D,2019-10-02,44,109940,3.24
861,Emp_861,R&D Data Science,E,2019-02-16,46,117541,3.25
862,Emp_862,R&D Data Science,C,2019-12-28,36,53983,2.61
863,Emp_863,R&D Data Science,D,2022-03-15,24,110009,2.31
864,Emp_864,R&D Data Science,D,2022-02-09,25,71542,3.24
865,Emp_865,Sales,A,2019-06-05,55,113869,2.6
866,Emp_866,HR,D,2021-12-14,58,31537,2.64
867,Emp_867,Sales,B,2020-09-15,22,88236,2.68
868,Emp_868,R&D Hardware,D,2020-12-14,46,50054,3.0
869,Emp_869,HR,C,2020-02-08,34,95562,3.5
870,Emp_870,R&D Hardware,B,2019-07-19,37,103565,2.55
871,Emp_871,R&D Hardware,A,2022-12-22,48,82869,3.58
872,Emp_872,R&D Hardware,C,2021-07-29,45,77504,3.22
873,Emp_873,R&D Data Science,A,2020-11-05,51,58570,2.14
874,Emp_874,HR,D,2020-11-04,38,46684,3.97
875,Emp_875,Finance,D,2019-03-16,40,112202,2.38
876,Emp_876,HR,D,2020-01-11,55,118142,3.39
877,Emp_877,R&D Data Science,E,2021-04-17,25,114824,2.55
878,Emp_878,HR,E,2020-04-21,29,95299,3.04
879,Emp_879,R&D Data Science,E,2021-07-17,42,66829,2.61
880,Emp_880,HR,B,2019-07-31,46,39531,3.63
881,Emp_881,HR,E,2022-12-18,24,118238,2.83
882,Emp_882,R&D Hardware,D,2020-02-19,32,79941,2.83
883,Emp_883,Sales,D,2022-06-01,56,82281,2.94
884,Emp_884,HR,A,2022-04-14,46,61130,3.88
885,Emp_885,Finance,C,2021-06-13,22,95515,2.56
886,Emp_886,Sales,C,2022-02-02,28,71412,2.21
887,Emp_887,Finance,B,2020-01-05,35,69033,2.88
888,Emp_888,HR,C,2020-12-04,47,88262,3.01
889,Emp_889,R&D Data Science,B,2022-02-17,49,114306,3.16
890,Emp_890,HR,A,2022-08-18,27,73686,2.69
891,Emp_891,R&D Hardware,D,2019-07-03,45,91889,3.32
892,Emp_892,R&D Data Science,D,2022-02-08,46,35764,2.96
893,Emp_893,Finance,B,2022-09-06,35,43715,2.88
894,Emp_894,HR,E,2021-05-19,43,88203,3.23
895,Emp_895,HR,A,2022-12-06,35,118432,3.36
896,Emp_896,R&D Data Science,D,2019-01-06,24,88741,2.9
897,Emp_897,HR,D,2021-11-25,23,73485,2.07
898,Emp_898,Sales,A,2021-05-27,22,92265,3.57
899,Emp_899,Finance,B,2020-09-08,36,90876,2.44
900,Emp_900,HR,E,2022-05-04,58,40736,3.36
901,Emp_901,HR,B,2022-03-26,29,42495,2.84
902,Emp_902,R&D Data Science,A,2019-05-18,31,55600,3.63
903,Emp_903,R&D Hardware,C,2019-10-27,26,60833,2.93
904,Emp_904,Finance,B,2019-04-18,38,47843,3.96
905,Emp_905,Sales,C,2020-09-10,38,97268,2.81
906,Emp_906,Sales,A,2019-05-13,38,102749,2.78
907,Emp_907,R&D Data Science,C,2019-11-13,25,114512,2.65
908,Emp_908,Sales,D,2020-03-04,24,75663,2.63
909,Emp_909,R&D Hardware,C,2019-01-03,54,78173,3.23
910,Emp_910,HR,E,2021-09-17,28,101555,2.58
911,Emp_911,Finance,E,2021-12-29,43,70979,2.65
912,Emp_912,HR,A,2022-05-13,50,109458,2.63
913,Emp_913,R&D Data Science,E,2019-03-21,44,82881,2.79
914,Emp_914,HR,C,2020-11-27,49,101916,2.36
915,Emp_915,R&D Hardware,D,2021-07-09,26,106035,2.94
916,Emp_916,Sales,A,2020-12-26,26,66540,3.21
917,Emp_917,Finance,B,2020-01-04,53,64447,2.8
918,Emp_918,R&D Hardware,D,2022-03-29,24,52792,2.91
919,Emp_919,R&D Data Science,B,2020-03-30,47,91816,2.39
920,Emp_920,Finance,A,2019-04-08,52,49350,2.66
921,Emp_921,HR,B,2022-04-14,33,97594,2.79
922,Emp_922,R&D Data Science,D,2022-07-15,32,73148,3.14
923,Emp_923,HR,E,2022-09-04,24,41267,2.78
924,Emp_924,R&D Hardware,A,2019-07-10,33,55878,2.64
925,Emp_925,R&D Hardware,E,2022-03-01,34,50121,3.39
926,Emp_926,R&D Data Science,E,2021-08-09,42,51032,2.76
927,Emp_927,Sales,E,2019-04-18,31,71129,3.19
928,Emp_928,R&D Data Science,D,2021-01-13,57,109488,3.69
929,Emp_929,Sales,C,2019-06-19,28,78823,2.5
930,Emp_930,R&D Data Science,E,2022-08-27,53,104811,2.42
931,Emp_931,R&D Data Science,C,2019-10-09,49,51684,3.76
932,Emp_932,Finance,A,2020-01-26,32,93643,3.29
933,Emp_933,Sales,B,2019-03-13,30,86872,3.1
934,Emp_934,Sales,E,2021-08-17,47,33556,1.8
935,Emp_935,R&D Hardware,C,2022-10-05,59,98309,3.15
936,Emp_936,HR,A,2021-02-05,37,43333,3.4
937,Emp_937,R&D Hardware,D,2022-07-11,48,115446,2.61
938,Emp_938,Sales,A,2020-01-06,27,47484,3.03
939,Emp_939,Finance,D,2021-07-08,40,47539,2.76
940,Emp_940,Sales,B,2022-05-25,22,106280,2.74
941,Emp_941,HR,B,2021-03-08,58,51450,2.58
942,Emp_942,HR,C,2022-08-24,54,44363,3.13
943,Emp_943,R&D Data Science,D,2022-08-16,59,90089,2.96
944,Emp_944,Finance,D,2021-07-18,40,45857,2.87
945,Emp_945,R&D Hardware,B,2021-03-27,35,95713,3.49
946,Emp_946,Finance,A,2020-12-19,41,66014,3.55
947,Emp_947,R&D Data Science,A,2021-05-24,24,66553,3.33
948,Emp_948,Sales,C,2020-03-02,22,85276,3.49
949,Emp_949,HR,B,2019-08-28,22,42808,2.85
950,Emp_950,Sales,B,2022-02-27,31,76473,4.21
951,Emp_951,Sales,E,2022-10-18,25,96019,3.16
952,Emp_952,R&D Data Science,C,2020-07-19,27,77489,2.3
953,Emp_953,R&D Hardware,B,2021-01-25,39,36822,2.56
954,Emp_954,Sales,E,2022-11-08,40,49501,3.16
955,Emp_955,HR,D,2021-12-16,33,66697,2.55
956,Emp_956,HR,E,2022-03-13,22,83420,3.07
957,Emp_957,R&D Hardware,B,2019-12-03,39,106377,2.39
958,Emp_958,R&D Hardware,A,2019-07-20,40,104693,3.08
959,Emp_959,R&D Data Science,C,2019-12-28,28,58670,3.1
960,Emp_960,Finance,D,2019-07-11,37,74346,3.4
961,Emp_961,HR,A,2021-04-02,22,42903,2.92
962,Emp_962,Sales,C,2022-12-22,59,108353,2.96
963,Emp_963,R&D Data Science,D,2020-02-14,58,60475,2.42
964,Emp_964,R&D Hardware,D,2019-05-09,29,46401,3.06
965,Emp_965,Sales,B,2019-05-04,33,102485,2.99
966,Emp_966,Finance,E,2019-11-02,26,84258,3.77
967,Emp_967,R&D Hardware,A,2020-02-28,28,48289,2.65
968,Emp_968,Finance,E,2020-01-22,28,100412,3.76
969,Emp_969,Finance,B,2022-05-07,38,79041,3.52
970,Emp_970,HR,B,2021-06-18,56,80980,3.57
971,Emp_971,HR,A,2021-02-20,38,31407,3.59
972,Emp_972,Finance,D,2021-06-03,54,61619,3.1
973,Emp_973,HR,C,2022-09-17,50,73513,3.84
974,Emp_974,R&D Hardware,D,2022-07-15,58,95398,3.88
975,Emp_975,Finance,E,2020-10-07,54,44453,3.22
976,Emp_976,Finance,A,2020-10-18,30,102943,2.9
977,Emp_977,R&D Data Science,B,2020-04-06,43,92117,1.78
978,Emp_978,R&D Data Science,D,2022-04-29,46,88868,3.19
979,Emp_979,R&D Data Science,A,2022-11-17,38,39733,2.42
980,Emp_980,R&D Data Science,C,2019-01-28,43,83393,3.07
981,Emp_981,Sales,B,2021-06-21,32,76354,2.55
982,Emp_982,R&D Data Science,D,2019-12-31,54,74562,2.46
983,Emp_983,R&D Hardware,B,2020-07-08,30,95841,3.96
984,Emp_984,Sales,E,2020-10-06,59,99129,3.07
985,Emp_985,R&D Hardware,C,2021-09-27,28,63434,2.64
986,Emp_986,R&D Data Science,C,2020-02-04,48,56756,2.79
987,Emp_987,Finance,C,2022-11-09,49,109449,3.57
988,Emp_988,Sales,E,2022-04-06,47,46498,3.09
989,Emp_989,Finance,D,2020-06-02,42,48661,2.62
990,Emp_990,R&D Hardware,D,2020-08-28,42,103031,1.72
991,Emp_991,R&D Hardware,D,2021-04-06,35,45713,3.45
992,Emp_992,Sales,D,2019-03-06,56,48193,2.7
993,Emp_993,R&D Hardware,D,2021-08-16,26,63532,3.71
994,Emp_994,Sales,A,2019-02-20,36,35615,3.12
995,Emp_995,R&D Hardware,E,2019-06-27,46,113431,2.69
996,Emp_996,Finance,C,2022-12-07,23,92481,3.56
997,Emp_997,HR,D,2021-10-15,35,105622,3.46
998,Emp_998,R&D Data Science,D,2021-08-25,58,67478,3.51
999,Emp_999,R&D Data Science,C,2020-03-25,55,94599,3.89
1000,Emp_1000,HR,C,2021-12-10,34,40402,3.32
